Div,Date,HomeTeam,AwayTeam,FTHG,FTAG,FTR,HTHG,HTAG,HTR,B365H,B365D,B365A,BWH,BWD,BWA,IWH,IWD,IWA,LBH,LBD,LBA,PSH,PSD,PSA,WHH,WHD,WHA,VCH,VCD,VCA,Bb1X2,BbMxH,BbAvH,BbMxD,BbAvD,BbMxA,BbAvA,BbOU,BbMx>2.5,BbAv>2.5,BbMx<2.5,BbAv<2.5,BbAH,BbAHh,BbMxAHH,BbAvAHH,BbMxAHA,BbAvAHA
B1,16/02/18,St Truiden,Anderlecht,,,,,,,3.1,3.39,2.25,3.25,3.4,2.25,3.1,3.3,2.2,3,3.3,2.2,3.18,3.52,2.32,3.2,3.3,2.15,3,3.4,2.3,37,3.25,3.06,3.52,3.35,2.34,2.26,35,1.91,1.81,2.07,1.98,16,0.25,1.9,1.84,2.05,1.97
B1,17/02/18,Antwerp,Oostende,,,,,,,2.14,3.39,3.29,2.15,3.5,3.3,2.2,3.3,3.1,2.2,3.25,3.1,2.22,3.51,3.4,2.2,3.3,3.1,2.2,3.4,3.2,38,2.29,2.19,3.51,3.34,3.4,3.17,35,1.95,1.86,1.99,1.91,17,-0.25,1.98,1.91,1.97,1.91
B1,17/02/18,Club Brugge,Genk,,,,,,,1.6,3.79,5.5,1.62,4.1,5.25,1.65,3.8,4.8,1.61,3.8,5,1.63,4.13,5.78,1.62,3.8,5,1.65,4,5,39,1.68,1.62,4.13,3.89,5.78,5.02,34,1.74,1.69,2.26,2.12,17,-1,2.2,2.09,1.83,1.74
B1,17/02/18,Lokeren,Kortrijk,,,,,,,2.5,3.25,2.79,2.55,3.25,2.85,2.3,3.3,2.9,2.37,3.25,2.75,2.56,3.48,2.84,2.38,3.4,2.75,2.4,3.4,2.88,39,2.58,2.44,3.49,3.3,2.9,2.78,36,1.88,1.8,2.05,1.97,16,0,1.83,1.77,2.13,2.07
B1,17/02/18,Waregem,Eupen,,,,,,,1.57,4,6,1.6,4,5.75,1.7,3.6,4.7,1.57,4,5,1.61,4.27,5.76,1.65,3.8,4.75,1.57,4.2,5.4,39,1.7,1.59,4.36,4.02,6,5.14,34,1.6,1.57,2.43,2.33,20,-1,2.06,1.98,1.9,1.83
B1,18/02/18,Charleroi,Standard,,,,,,,2.6,3.29,2.62,2.7,3.25,2.7,2.6,3.2,2.6,2.7,3.1,2.55,2.8,3.35,2.67,2.62,3.2,2.6,2.7,3.3,2.6,37,2.8,2.67,3.4,3.23,2.7,2.59,34,2.14,2.04,1.83,1.75,16,0,2.01,1.94,1.95,1.88
B1,18/02/18,Gent,Mechelen,,,,,,,1.55,4,5.75,1.6,4,5.75,1.6,3.9,5,1.57,3.7,5.8,1.57,4.05,6.74,1.62,3.6,5.5,1.55,4,6,38,1.62,1.56,4.07,3.85,6.74,5.79,36,2.02,1.94,1.92,1.83,20,-1,2.08,1.99,1.89,1.82
B1,18/02/18,Mouscron,Waasland-Beveren,,,,,,,2.5,3.29,2.75,2.55,3.25,2.85,2.5,3.3,2.65,2.5,3.3,2.6,2.65,3.42,2.78,2.5,3.4,2.6,2.55,3.5,2.63,37,2.65,2.54,3.5,3.31,2.85,2.66,34,1.83,1.76,2.11,2.01,16,0,1.92,1.86,2.01,1.95
D1,16/02/18,Hertha,Mainz,,,,,,,2,3.39,4,2.05,3.4,3.7,2,3.4,3.8,2,3.3,3.8,2.03,3.43,4.15,1.95,3.3,4,2.05,3.4,3.9,34,2.1,2.02,3.55,3.4,4.25,3.9,32,2.14,2.07,1.83,1.76,19,-0.25,1.78,1.73,2.22,2.15
D1,17/02/18,FC Koln,Hannover,,,,,,,2.29,3.39,3.1,2.3,3.5,3,2.4,3.3,2.95,2.25,3.4,3.1,2.28,3.59,3.25,2.3,3.4,3,2.3,3.5,3.13,37,2.4,2.28,3.63,3.47,3.25,3.11,36,1.86,1.8,2.09,2.02,20,-0.25,2.01,1.96,1.95,1.9
D1,17/02/18,Freiburg,Werder Bremen,,,,,,,2.5,3.29,2.89,2.55,3.4,2.75,2.6,3.3,2.7,2.5,3.25,2.8,2.54,3.43,2.94,2.5,3.3,2.8,2.5,3.4,2.9,37,2.61,2.52,3.45,3.33,3,2.84,36,2,1.91,1.97,1.89,19,-0.25,2.25,2.16,1.78,1.73
D1,17/02/18,Hamburg,Leverkusen,,,,,,,3.79,3.5,2,3.9,3.5,1.95,3.8,3.4,2,3.8,3.4,1.95,3.94,3.65,2.01,3.8,3.4,2,3.8,3.5,2.05,37,4.1,3.85,3.65,3.49,2.07,1.99,36,2.02,1.96,1.91,1.85,19,0.25,2.23,2.17,1.76,1.72
D1,17/02/18,Schalke 04,Hoffenheim,,,,,,,2.1,3.5,3.5,2.1,3.4,3.6,2,3.4,3.8,2.05,3.5,3.4,2.12,3.59,3.63,2.1,3.4,3.5,2.1,3.5,3.5,36,2.15,2.08,3.65,3.51,3.8,3.55,34,1.79,1.74,2.19,2.1,19,-0.25,1.84,1.8,2.13,2.07
D1,17/02/18,Wolfsburg,Bayern Munich,,,,,,,8.5,5,1.36,8.5,5,1.36,7.5,4.8,1.4,8.5,4.8,1.36,8.75,5.08,1.4,8,5,1.36,8.5,5.2,1.36,37,9.7,8.35,5.25,4.95,1.44,1.38,33,1.63,1.57,2.5,2.38,21,1.5,1.85,1.8,2.14,2.07
D1,18/02/18,Augsburg,Stuttgart,,,,,,,2.04,3.39,3.75,2,3.5,3.8,2,3.4,3.8,1.95,3.4,3.8,2,3.59,4.05,2,3.4,3.75,2,3.5,3.9,37,2.07,2,3.6,3.45,4.05,3.83,35,2.02,1.96,1.92,1.84,17,-0.25,1.76,1.71,2.26,2.17
D1,18/02/18,M'gladbach,Dortmund,,,,,,,3,3.6,2.29,3,3.5,2.3,3.5,3.4,2.1,3,3.6,2.25,3.05,3.76,2.32,3,3.6,2.25,3,3.7,2.3,37,3.5,3.04,3.76,3.58,2.36,2.27,33,1.65,1.59,2.45,2.34,18,0.25,1.93,1.88,2.02,1.97
D1,19/02/18,Ein Frankfurt,RB Leipzig,,,,,,,2.5,3.39,2.79,2.55,3.4,2.75,2.85,3.3,2.5,2.5,3.3,2.75,2.52,3.52,2.91,2.6,3.3,2.7,2.55,3.4,2.88,36,2.85,2.53,3.52,3.35,2.94,2.79,35,1.92,1.87,2.01,1.93,17,-0.25,2.25,2.15,1.77,1.73
D2,16/02/18,Heidenheim,Bochum,,,,,,,2.45,3.25,2.87,2.5,3.2,2.9,2.4,3.2,2.85,2.45,3.1,2.75,2.61,3.3,2.9,2.45,3.1,2.88,2.5,3.3,2.88,35,2.61,2.48,3.33,3.2,3,2.84,33,2.16,2.06,1.81,1.74,17,-0.25,2.23,2.15,1.77,1.71
D2,16/02/18,Kaiserslautern,Sandhausen,,,,,,,2.5,3,3,2.6,2.95,2.95,2.4,3.2,2.85,2.5,2.87,2.9,2.79,3.07,2.9,2.5,3,2.88,2.7,3,2.9,35,2.79,2.61,3.2,2.95,3.09,2.89,31,2.8,2.64,1.52,1.45,17,-0.25,2.35,2.23,1.77,1.66
D2,17/02/18,Bielefeld,Darmstadt,,,,,,,1.95,3.5,3.75,1.95,3.5,3.8,2.2,3.3,3.1,1.95,3.25,3.7,2.01,3.55,3.98,2,3.3,3.6,2,3.5,3.8,37,2.2,1.98,3.55,3.37,3.98,3.68,35,2.1,2,1.87,1.79,17,-0.5,2.04,1.97,1.9,1.85
D2,17/02/18,Fortuna Dusseldorf,Greuther Furth,,,,,,,1.8,3.6,4.33,1.78,3.6,4.6,1.75,3.5,4.5,1.8,3.4,4.33,1.83,3.63,4.83,1.8,3.5,4.2,1.83,3.6,4.5,37,1.87,1.8,3.63,3.49,4.9,4.38,35,2.1,2,1.85,1.79,17,-0.75,2.14,2.07,1.82,1.77
D2,17/02/18,Holstein Kiel,Erzgebirge Aue,,,,,,,1.57,3.79,6,1.6,3.75,6,1.6,3.7,5.4,1.57,3.75,5.5,1.6,4.07,6.34,1.62,3.6,5.5,1.6,4,5.75,37,1.64,1.58,4.1,3.81,6.34,5.56,35,1.95,1.86,2,1.92,19,-1,2.11,2.03,1.85,1.79
D2,17/02/18,Ingolstadt,St Pauli,,,,,,,1.61,3.75,5.5,1.62,3.75,5.75,1.65,3.6,5.1,1.61,3.6,5.2,1.65,3.92,5.91,1.65,3.75,4.8,1.65,3.9,5.5,37,1.68,1.62,3.96,3.74,5.91,5.28,35,2,1.93,1.91,1.85,18,-0.75,1.85,1.8,2.09,2.02
D2,18/02/18,Braunschweig,Union Berlin,,,,,,,2.54,3.39,2.62,2.55,3.4,2.7,2.5,3.3,2.65,2.55,3.2,2.6,2.69,3.39,2.75,2.6,3.25,2.6,2.6,3.4,2.7,35,2.69,2.56,3.4,3.28,2.75,2.64,34,1.98,1.89,1.95,1.89,17,-0.25,2.32,2.21,1.71,1.66
D2,18/02/18,Dresden,Regensburg,,,,,,,2.2,3.6,3,2.35,3.4,2.95,2.3,3.3,2.9,2.35,3.3,2.8,2.44,3.55,2.95,2.4,3.4,2.7,2.4,3.6,2.8,36,2.5,2.35,3.6,3.36,3.1,2.85,34,1.8,1.75,2.12,2.04,18,-0.25,2.12,2.05,1.83,1.78
D2,18/02/18,Nurnberg,Duisburg,,,,,,,2,3.6,3.5,2.05,3.5,3.5,1.9,3.45,3.8,2,3.4,3.4,2.1,3.63,3.6,1.91,3.6,3.6,2.05,3.6,3.5,36,2.12,2.02,3.63,3.46,3.8,3.46,35,1.88,1.78,2.1,2.01,18,-0.25,1.84,1.78,2.15,2.05
E1,17/02/18,Birmingham,Millwall,,,,,,,2.79,3.1,2.87,2.6,3.1,2.75,2.65,3,2.75,2.7,3,2.75,2.8,3.16,2.84,2.62,3,2.88,2.8,3.13,2.88,39,2.85,2.69,3.2,3.06,2.88,2.77,32,2.46,2.37,1.59,1.56,17,-0.25,2.38,2.3,1.69,1.63
E1,17/02/18,Burton,Nott'm Forest,,,,,,,3.2,3.25,2.5,2.95,3.2,2.4,3.1,3.05,2.35,3.1,3,2.4,3.41,3.23,2.37,3.1,3.1,2.4,3.2,3.2,2.45,39,3.41,3.12,3.25,3.13,2.5,2.39,34,2.41,2.3,1.65,1.59,18,0.25,1.89,1.82,2.08,2.03
E1,17/02/18,Cardiff,Middlesbrough,,,,,,,2.6,3.2,3.1,2.35,3,3.2,2.4,3,3,2.45,3,3.1,2.62,3.21,3.01,2.5,3.1,3,2.55,3.2,3.1,39,2.62,2.47,3.25,3.11,3.2,3,34,2.46,2.31,1.64,1.59,19,-0.25,2.22,2.12,1.8,1.75
E1,17/02/18,Fulham,Aston Villa,,,,,,,2.14,3.5,3.6,2.1,3.3,3.4,2.1,3.35,3.3,2.15,3.3,3.4,2.17,3.57,3.52,2.25,3.3,3.25,2.1,3.5,3.5,39,2.25,2.15,3.6,3.38,3.6,3.35,37,1.92,1.86,2.05,1.93,19,-0.25,1.9,1.85,2.05,2
E1,17/02/18,Preston,Wolves,,,,,,,3.89,3.29,2.14,3.4,3.25,2.15,3.6,3.15,2.05,3.4,3.1,2.2,3.91,3.4,2.1,3.5,3.1,2.2,3.9,3.3,2.15,39,3.91,3.62,3.4,3.23,2.2,2.12,35,2.35,2.25,1.69,1.62,18,0.25,2.13,2.07,1.83,1.8
E1,17/02/18,QPR,Bolton,,,,,,,1.95,3.5,4.33,1.95,3.5,3.7,1.87,3.35,4.1,1.91,3.3,4.2,1.92,3.5,4.58,1.91,3.5,4,1.95,3.5,4.33,39,1.98,1.92,3.5,3.41,4.58,4.12,36,2.15,2.06,1.8,1.74,17,-0.5,1.95,1.91,2,1.95
E1,17/02/18,Sunderland,Brentford,,,,,,,3.39,3.5,2.25,3.25,3.4,2.15,3.2,3.35,2.15,3.25,3.4,2.15,3.47,3.53,2.2,3.3,3.3,2.2,3.5,3.5,2.2,39,3.5,3.3,3.6,3.39,2.25,2.18,37,1.91,1.83,2.02,1.96,18,0.25,2.05,1.98,1.95,1.87
E1,18/02/18,Leeds,Bristol City,,,,,,,2.6,3.25,3,2.4,3.3,2.85,2.45,3.15,2.8,2.6,3.25,2.7,2.61,3.26,2.98,2.62,3.1,2.8,2.5,3.3,2.88,38,2.7,2.53,3.4,3.23,3,2.84,37,2.06,1.96,1.91,1.82,17,-0.25,2.25,2.16,1.77,1.72
E1,18/02/18,Norwich,Ipswich,,,,,,,1.7,3.75,6,1.67,3.4,5.5,1.65,3.55,5.3,1.67,3.5,5.5,1.69,3.77,5.87,1.73,3.5,5,1.73,3.75,5.5,38,1.75,1.69,3.9,3.61,6,5.35,36,2.19,2.08,1.78,1.73,18,-0.75,1.95,1.89,2,1.96
E2,17/02/18,AFC Wimbledon,Bristol Rvs,,,,,,,2.6,3.39,2.89,2.4,3.25,2.9,2.3,3.15,2.75,2.45,3.25,2.87,2.48,3.45,2.96,2.5,3.2,2.88,2.5,3.4,2.9,39,2.6,2.44,3.5,3.28,3,2.84,37,2.1,1.97,1.9,1.81,18,-0.25,2.16,2.09,1.8,1.76
E2,17/02/18,Doncaster,Fleetwood Town,,,,,,,2.04,3.29,4.33,1.9,3.4,4,1.95,3.05,3.7,2.05,3.1,3.9,2.08,3.28,4.07,2.05,3.1,4,2.05,3.3,4,39,2.1,2.01,3.4,3.22,4.33,3.85,34,2.45,2.32,1.65,1.57,17,-0.5,2.08,2.02,1.87,1.82
E2,17/02/18,Gillingham,Walsall,,,,,,,2.39,3.39,3.2,2.25,3.3,3.1,2.25,3.05,2.95,2.35,3.1,3.1,2.41,3.36,3.15,2.3,3.2,3.2,2.38,3.3,3.2,39,2.45,2.33,3.4,3.24,3.25,3.04,34,2.2,2.12,1.79,1.68,18,-0.25,2.06,1.99,1.9,1.84
E2,17/02/18,Milton Keynes Dons,Charlton,,,,,,,3.5,3.39,2.25,3.4,3.2,2.15,3.15,3.2,2.1,3.3,3.3,2.2,3.47,3.48,2.2,3.4,3.3,2.15,3.4,3.4,2.2,39,3.6,3.31,3.5,3.31,2.25,2.16,34,2.05,2,1.85,1.77,18,0.25,2.03,1.96,1.92,1.86
E2,17/02/18,Oxford,Plymouth,,,,,,,2.62,3.5,2.79,2.55,3.4,2.6,2.55,3.2,2.45,2.6,3.4,2.6,2.75,3.56,2.6,2.5,3.3,2.8,2.63,3.5,2.63,39,2.75,2.57,3.56,3.35,2.85,2.63,37,1.83,1.78,2.12,1.99,17,-0.25,2.34,2.24,1.7,1.65
E2,17/02/18,Scunthorpe,Northampton,,,,,,,1.8,3.79,4.75,1.75,3.75,4.25,1.7,3.45,4.25,1.8,3.5,4.5,1.81,3.77,4.74,1.83,3.5,4.33,1.8,3.8,4.5,39,1.83,1.77,3.9,3.63,5,4.43,37,1.98,1.91,1.94,1.86,17,-0.75,2.07,2,1.85,1.81
E2,17/02/18,Shrewsbury,Rotherham,,,,,,,2.62,3.29,2.89,2.45,3.3,2.75,2.45,3.05,2.7,2.55,3.1,2.8,2.58,3.35,2.92,2.5,3.2,2.88,2.6,3.3,2.88,39,2.63,2.51,3.35,3.22,2.92,2.78,34,2.23,2.15,1.71,1.66,17,-0.25,2.22,2.17,1.75,1.7
E2,17/02/18,Southend,Portsmouth,,,,,,,2.87,3.5,2.54,2.85,3.25,2.45,2.8,3.1,2.35,3,3.1,2.45,3.05,3.4,2.45,2.88,3.2,2.5,3,3.3,2.5,39,3.05,2.86,3.5,3.25,2.55,2.43,35,2.24,2.1,1.76,1.7,15,0.25,1.81,1.75,2.11,2.07
E2,18/02/18,Blackpool,Peterboro,,,,,,,2.5,3.39,3,2.45,3.5,2.65,2.35,3.25,2.65,2.45,3.4,2.75,2.5,3.57,2.85,2.4,3.4,2.88,2.45,3.5,2.8,38,2.55,2.44,3.6,3.38,3,2.78,37,1.82,1.77,2.09,2.01,15,-0.25,2.17,2.1,1.8,1.72
E2,19/02/18,Blackburn,Bury,,,,,,,1.55,4.5,6.5,1.53,4.1,5.75,1.5,3.9,5.5,1.53,4,6,1.55,4.32,6.58,1.55,4,6,1.53,4.2,6.25,38,1.56,1.52,4.5,4.12,7,5.91,33,1.83,1.78,2.06,1.98,19,-1,1.95,1.89,1.99,1.93
E3,17/02/18,Barnet,Accrington,,,,,,,3.39,3.39,2.29,3.2,3.3,2.2,3.1,3.15,2.15,3.3,3.2,2.2,3.34,3.41,2.29,3.25,3.25,2.25,3.4,3.4,2.25,39,3.5,3.19,3.41,3.28,2.29,2.21,37,2.11,2.02,1.86,1.76,18,0.25,2,1.92,1.97,1.9
E3,17/02/18,Cambridge,Grimsby,,,,,,,2.14,3.39,3.79,2.1,3.3,3.4,2,3.05,3.45,2.1,3.2,3.6,2.11,3.43,3.78,2.1,3.2,3.75,2.15,3.3,3.6,39,2.18,2.09,3.5,3.25,3.9,3.51,34,2.25,2.19,1.71,1.64,18,-0.25,1.88,1.81,2.1,2.02
E3,17/02/18,Carlisle,Chesterfield,,,,,,,1.8,3.79,4.75,1.8,3.5,4.33,1.7,3.5,4.25,1.8,3.6,4.4,1.78,3.87,4.81,1.83,3.6,4.2,1.87,3.6,4.4,39,1.87,1.78,3.9,3.6,4.81,4.32,37,1.91,1.83,2.03,1.94,17,-0.5,1.83,1.78,2.14,2.06
E3,17/02/18,Cheltenham,Wycombe,,,,,,,2.75,3.39,2.7,2.6,3.25,2.65,2.5,3.25,2.5,2.6,3.3,2.6,2.79,3.32,2.7,2.7,3.25,2.62,2.63,3.4,2.63,39,2.79,2.62,3.5,3.29,2.7,2.6,34,1.86,1.79,2.03,1.97,15,0,1.98,1.92,1.97,1.92
E3,17/02/18,Crawley Town,Lincoln,,,,,,,3.39,3.29,2.35,3,3.3,2.3,3.1,3.05,2.15,3.2,3.1,2.3,3.29,3.36,2.33,3.2,3.25,2.3,3.3,3.3,2.3,39,3.5,3.15,3.4,3.22,2.35,2.26,34,2.27,2.19,1.67,1.63,18,0.25,1.95,1.87,2.01,1.94
E3,17/02/18,Crewe,Colchester,,,,,,,2.87,3.6,2.5,2.85,3.4,2.35,2.8,3.2,2.25,2.9,3.3,2.37,3.12,3.47,2.38,2.88,3.3,2.45,2.9,3.4,2.45,39,3.12,2.86,3.6,3.33,2.5,2.37,37,2,1.9,1.95,1.87,18,0.25,1.85,1.79,2.11,2.04
E3,17/02/18,Exeter,Mansfield,,,,,,,3,3.5,2.45,2.85,3.3,2.4,2.75,3.15,2.3,2.9,3.25,2.37,2.87,3.47,2.54,2.88,3.2,2.5,3,3.4,2.45,39,3,2.83,3.5,3.27,2.54,2.42,37,2.1,1.97,1.91,1.8,15,0,2.15,2.09,1.83,1.76
E3,17/02/18,Morecambe,Forest Green,,,,,,,2.29,3.5,3.29,2.2,3.3,3.2,2.15,3.1,3.05,2.25,3.25,3.1,2.33,3.27,3.38,2.25,3.3,3.2,2.3,3.4,3.25,39,2.4,2.24,3.5,3.26,3.4,3.14,37,2.02,1.95,1.9,1.81,18,-0.25,1.99,1.93,1.95,1.89
E3,17/02/18,Newport County,Notts County,,,,,,,2.6,3.5,2.79,2.55,3.3,2.65,2.45,3.25,2.5,2.6,3.3,2.65,2.69,3.51,2.68,2.6,3.3,2.7,2.63,3.5,2.7,39,2.69,2.56,3.55,3.33,2.8,2.63,37,1.96,1.89,1.97,1.89,17,-0.25,2.32,2.22,1.73,1.67
E3,17/02/18,Stevenage,Yeovil,,,,,,,2.2,3.39,3.6,2.15,3.3,3.3,2.1,3.05,3.25,2.2,3.1,3.4,2.24,3.42,3.43,2.2,3.1,3.5,2.2,3.4,3.5,39,2.3,2.15,3.42,3.23,3.6,3.35,37,2.28,2.2,1.72,1.65,17,-0.5,2.23,2.14,1.77,1.72
E3,17/02/18,Swindon,Port Vale,,,,,,,2,3.6,4,1.95,3.4,3.75,1.93,3.2,3.6,2,3.25,3.9,2.03,3.51,3.94,2,3.4,3.75,2,3.5,4,39,2.03,1.97,3.6,3.4,4.1,3.73,37,2.16,2.06,1.81,1.73,19,-0.25,1.75,1.7,2.27,2.17
EC,17/02/18,Aldershot,Macclesfield,,,,,,,2.14,3.5,3.2,2,3.5,3.3,2.1,3.1,3,2.25,3.1,3.1,2.28,3.42,3.34,2.3,3.1,3.1,2.25,3.3,3.2,36,2.31,2.19,3.5,3.27,3.35,3.13,34,2.16,2.07,1.81,1.71,15,-0.25,1.98,1.91,1.98,1.9
EC,17/02/18,Boreham Wood,Gateshead,,,,,,,1.72,3.79,4.5,1.75,3.7,4,1.7,3.25,4.3,1.75,3.3,4.6,1.81,3.62,4.97,1.73,3.4,4.8,1.75,3.5,5,36,1.81,1.75,3.79,3.46,5,4.45,34,2.25,2.14,1.72,1.66,14,-0.75,2.08,2,1.86,1.8
EC,17/02/18,Chester,Eastleigh,,,,,,,2.75,3.5,2.39,2.65,3.25,2.45,2.8,3.2,2.2,2.75,3.25,2.37,3.27,3.64,2.22,2.7,3.4,2.4,2.9,3.5,2.3,36,3.27,2.85,3.64,3.35,2.5,2.31,34,1.87,1.79,2.1,1.97,16,0.25,1.94,1.82,2.08,1.98
EC,17/02/18,Fylde,Leyton Orient,,,,,,,1.66,4,4.75,1.7,3.8,4.2,1.65,3.55,4.05,1.73,3.6,4.33,1.76,4,4.74,1.75,3.6,4.33,1.73,3.8,4.6,36,1.76,1.71,4,3.72,4.75,4.33,32,1.76,1.7,2.23,2.08,16,-0.75,1.99,1.94,1.92,1.87
EC,17/02/18,Guiseley,Maidenhead,,,,,,,2.79,3.5,2.37,2.7,3.3,2.4,2.6,3.2,2.3,2.7,3.2,2.45,2.86,3.52,2.53,2.7,3.4,2.4,2.8,3.4,2.45,36,2.88,2.7,3.52,3.33,2.53,2.42,34,1.93,1.85,2.02,1.91,13,0.25,1.75,1.69,2.26,2.13
EC,17/02/18,Halifax,Ebbsfleet,,,,,,,2.54,3.25,2.75,2.5,3.3,2.6,2.45,2.95,2.65,2.55,3,2.75,2.66,3.28,2.87,2.5,3.2,2.75,2.55,3.2,2.8,35,2.66,2.51,3.35,3.17,2.87,2.71,31,2.34,2.19,1.71,1.63,13,0,1.88,1.83,2.04,1.99
EC,17/02/18,Hartlepool,Woking,,,,,,,2.5,3.5,2.62,2.35,3.3,2.75,2.45,3.15,2.5,2.5,3.2,2.62,2.69,3.54,2.64,2.6,3.25,2.6,2.55,3.4,2.7,36,2.69,2.5,3.54,3.31,2.8,2.62,34,1.98,1.89,1.95,1.86,16,-0.25,2.31,2.21,1.72,1.66
EC,17/02/18,Maidstone,Barrow,,,,,,,2.25,3.5,3,2.2,3.3,3,2.25,3.15,2.7,2.37,3.2,2.8,2.45,3.5,2.97,2.38,3.3,2.8,2.4,3.4,2.88,36,2.45,2.34,3.5,3.32,3,2.82,34,1.95,1.87,1.94,1.89,16,-0.25,2.12,2.05,1.84,1.77
EC,17/02/18,Solihull,Dover Athletic,,,,,,,2.79,3.2,2.5,2.75,3.25,2.4,2.55,3.05,2.45,2.65,3,2.62,2.78,3.31,2.71,2.62,3.2,2.6,2.75,3.2,2.6,36,2.79,2.66,3.4,3.18,2.71,2.54,32,2.25,2.14,1.75,1.66,14,0.25,1.71,1.66,2.3,2.19
EC,17/02/18,Sutton,Wrexham,,,,,,,2,3.5,3.6,1.95,3.3,3.6,1.9,3,3.7,2,3.1,3.9,2.03,3.35,4.16,1.95,3.2,4,1.95,3.3,4.1,36,2.03,1.96,3.5,3.23,4.16,3.79,32,2.5,2.36,1.6,1.55,15,-0.5,2.03,1.98,1.91,1.84
EC,17/02/18,Torquay,Dag and Red,,,,,,,1.85,3.5,4.2,1.95,3.3,3.6,1.85,3.2,3.5,1.95,3.3,3.6,2.04,3.6,3.84,1.95,3.3,3.8,1.95,3.5,3.8,34,2.04,1.94,3.6,3.36,4.2,3.67,32,2.02,1.93,1.92,1.83,14,-0.25,1.76,1.7,2.23,2.15
EC,17/02/18,Tranmere,Bromley,,,,,,,1.57,3.79,6,1.6,3.75,5,1.6,3.6,4.6,1.61,3.7,5.2,1.67,4.04,5.43,1.67,3.75,4.8,1.62,3.9,5.25,36,1.67,1.61,4.04,3.78,6,5.01,34,1.87,1.79,2.07,1.97,16,-0.75,1.88,1.81,2.06,2
F1,16/02/18,Monaco,Dijon,,,,,,,1.28,5.75,10,1.3,5.75,9,1.35,4.7,8,1.28,5.5,10,1.33,5.8,10,1.3,5,10,1.29,5.75,11,35,1.35,1.3,6.36,5.64,11,9.32,30,1.47,1.42,3,2.79,17,-1.5,1.84,1.8,2.14,2.05
F1,17/02/18,Amiens,Toulouse,,,,,,,2.7,3,2.87,2.65,3,2.95,2.5,3.1,2.8,2.65,3,2.8,2.71,3.12,2.98,2.7,2.9,2.9,2.7,3.1,2.9,38,2.77,2.66,3.23,3.04,2.98,2.86,34,2.57,2.45,1.6,1.54,17,0,1.9,1.86,2.06,2
F1,17/02/18,Angers,St Etienne,,,,,,,2.5,3.2,3,2.5,3.1,3.1,2.5,3.1,2.8,2.45,3,3,2.56,3.08,3.22,2.5,3,3.1,2.5,3.13,3.13,38,2.6,2.47,3.23,3.07,3.3,3.08,35,2.43,2.32,1.65,1.59,19,-0.25,2.15,2.11,1.8,1.77
F1,17/02/18,Caen,Rennes,,,,,,,2.45,3.1,3.1,2.5,3,3.2,2.5,3.1,2.8,2.4,3.1,3.1,2.49,3.21,3.21,2.6,3,2.9,2.45,3.2,3.1,38,2.6,2.47,3.29,3.13,3.21,3.02,34,2.34,2.23,1.7,1.64,17,-0.25,2.2,2.09,1.83,1.77
F1,17/02/18,Montpellier,Guingamp,,,,,,,1.8,3.39,5,1.75,3.5,5.25,1.8,3.3,4.5,1.75,3.4,5,1.74,3.69,5.64,1.8,3.3,5,1.75,3.5,5.25,38,1.83,1.76,3.69,3.47,5.64,5.01,34,2.35,2.25,1.71,1.63,18,-0.75,2.05,1.99,1.92,1.86
F1,17/02/18,Paris SG,Strasbourg,,,,,,,1.08,11,34,1.06,13.5,34,1.1,8,20,1.06,15,46,1.07,15.5,33,1.06,12,29,1.06,13,34,37,1.1,1.06,17,12.67,46,30.76,28,1.2,1.17,5.5,4.76,19,-3,1.85,1.81,2.11,2.04
F1,17/02/18,Troyes,Metz,,,,,,,2.2,3.2,3.5,2.25,3.2,3.4,2.2,3.1,3.3,2.25,3.2,3.3,2.25,3.44,3.46,2.25,3.1,3.4,2.2,3.3,3.5,37,2.32,2.22,3.56,3.28,3.5,3.35,35,2.18,2.09,1.8,1.73,18,-0.25,1.94,1.9,2,1.95
F1,18/02/18,Lille,Lyon,,,,,,,4,3.5,1.95,4.1,3.6,1.9,3.7,3.3,2,4.2,3.5,1.85,4.39,3.78,1.89,4.2,3.4,1.91,4.33,3.6,1.87,37,4.39,4.11,3.78,3.54,2,1.88,36,1.93,1.84,2.05,1.95,17,0.5,2.03,1.98,1.92,1.88
F1,18/02/18,Marseille,Bordeaux,,,,,,,1.61,4,5.5,1.62,4.1,5.25,1.7,3.5,4.85,1.61,3.9,5.2,1.62,4.12,6.06,1.62,3.8,5.5,1.62,4,5.75,37,1.7,1.63,4.2,3.94,6.06,5.25,33,1.76,1.7,2.22,2.12,18,-1,2.16,2.09,1.83,1.77
F1,18/02/18,Nice,Nantes,,,,,,,2.25,3.1,3.5,2.25,3.1,3.5,2.2,3.1,3.3,2.3,3.1,3.3,2.32,3.23,3.52,2.25,3.1,3.4,2.25,3.2,3.5,37,2.39,2.26,3.36,3.15,3.6,3.39,33,2.48,2.37,1.63,1.56,17,-0.25,1.98,1.93,1.98,1.92
F2,16/02/18,Ajaccio GFCO,Reims,,,,,,,3.5,3.1,2.2,3.6,3.1,2.1,3.55,3.05,2.15,3.5,3,2.1,3.81,3.14,2.23,3.4,3,2.15,3.75,3,2.2,38,3.88,3.53,3.2,3.06,2.25,2.15,33,2.45,2.34,1.62,1.56,18,0.25,2.04,1.98,1.89,1.85
F2,16/02/18,Bourg Peronnas,Nancy,,,,,,,3.89,3.25,2,3.4,3.3,2.05,3.55,3.3,2,3.6,3.2,2,3.75,3.46,2.11,3.4,3.25,2.05,3.7,3.25,2.1,38,3.89,3.53,3.53,3.3,2.15,2.04,36,2.07,1.97,1.9,1.8,17,0.5,1.86,1.79,2.12,2.05
F2,16/02/18,Brest,Niort,,,,,,,1.66,3.6,5.25,1.78,3.6,4.1,1.7,3.8,4.4,1.7,3.7,4.4,1.74,3.96,4.93,1.75,3.75,4,1.7,3.75,5,38,1.78,1.71,3.96,3.71,5.25,4.5,33,1.8,1.7,2.2,2.09,18,-0.75,1.96,1.92,1.96,1.91
F2,16/02/18,Clermont,Chateauroux,,,,,,,1.8,3.39,4.75,1.7,3.5,4.75,1.75,3.45,4.4,1.8,3.4,4.25,1.81,3.65,4.95,1.7,3.5,4.6,1.8,3.5,4.75,38,1.87,1.78,3.65,3.44,4.95,4.49,37,2.04,1.95,1.9,1.82,17,-0.75,2.09,2.05,1.85,1.79
F2,16/02/18,Nimes,Tours,,,,,,,1.36,4.75,8,1.4,4.33,7.25,1.4,4.65,7,1.4,4.5,7.5,1.42,4.8,8.5,1.4,4.33,7,1.36,4.75,9,37,1.43,1.38,4.99,4.58,9,7.48,31,1.66,1.61,2.37,2.24,17,-1.25,1.96,1.87,2.04,1.96
F2,16/02/18,Orleans,Paris FC,,,,,,,2.89,3,2.6,2.7,3,2.65,2.85,2.9,2.6,2.87,2.9,2.55,3,2.99,2.75,2.62,2.9,2.75,3,2.9,2.63,38,3,2.8,3.07,2.94,2.8,2.64,33,2.53,2.44,1.58,1.52,16,0,2.09,2.02,1.88,1.83
F2,16/02/18,Sochaux,Le Havre,,,,,,,2.45,3.1,3,2.35,3.1,3,2.4,3.1,2.9,2.35,3.1,2.9,2.48,3.23,3.15,2.25,3.2,3,2.45,3.1,3.1,38,2.5,2.38,3.29,3.11,3.18,2.98,36,2.2,2.11,1.8,1.7,19,-0.25,2.16,2.08,1.82,1.77
F2,16/02/18,Valenciennes,Ajaccio,,,,,,,3.1,3.1,2.37,2.75,3.25,2.45,2.95,3.05,2.4,2.9,3.1,2.4,3.14,3.13,2.56,2.8,3.1,2.45,3.2,3,2.45,38,3.2,2.96,3.25,3.06,2.56,2.42,34,2.37,2.21,1.69,1.63,17,0.25,1.81,1.76,2.14,2.08
F2,17/02/18,Lorient,Auxerre,,,,,,,1.75,3.5,4.75,1.75,3.5,4.4,1.8,3.4,4.45,1.8,3.4,4.25,1.79,3.54,5.24,1.8,3.3,4.33,1.8,3.4,4.8,38,1.88,1.79,3.57,3.39,5.24,4.4,36,2.13,2.04,1.82,1.74,16,-0.5,1.85,1.81,2.12,2.03
F2,19/02/18,Quevilly Rouen,Lens,,,,,,,2.89,3.1,2.5,2.75,3.25,2.45,2.95,3.15,2.4,2.9,3.1,2.37,3.24,3.12,2.5,2.8,3.1,2.45,3.1,3.2,2.4,35,3.24,2.91,3.27,3.13,2.5,2.4,33,2.14,2.04,1.81,1.74,15,0.25,1.82,1.78,2.13,2.07
G1,17/02/18,Asteras Tripolis,Atromitos,,,,,,,2.37,2.79,3.5,2.45,2.85,3.4,2.35,2.8,3.35,2.37,2.8,3.2,2.45,2.98,3.48,2.5,2.8,3,2.3,2.9,3.3,38,2.6,2.38,3.06,2.85,3.5,3.24,33,3,2.75,1.5,1.42,18,-0.25,2.05,1.99,1.88,1.83
G1,17/02/18,Kerkyra,Apollon,,,,,,,2.29,2.89,3.5,2.45,2.9,3.4,2.4,2.85,3.15,2.45,2.87,3,2.54,2.95,3.37,2.38,2.8,3.2,2.4,2.9,3.13,37,2.56,2.41,3.06,2.88,3.5,3.14,32,2.85,2.67,1.5,1.44,17,-0.25,2.13,2.04,1.84,1.78
G1,17/02/18,Lamia,PAOK,,,,,,,10,4.33,1.36,10,4.6,1.36,9.75,4.25,1.35,11,4.2,1.33,10.9,4.61,1.39,9.5,4,1.36,10.5,4.3,1.33,35,12,9.74,4.65,4.26,1.4,1.35,31,2.38,2.25,1.7,1.6,14,1.5,1.74,1.67,2.29,2.19
G1,18/02/18,AEK,Xanthi,,,,,,,1.33,4.5,11,1.36,4.75,9.75,1.35,4.25,8.75,1.36,4.2,9.5,1.42,4.58,9.39,1.33,4.2,10,1.33,4.33,9.5,37,1.44,1.35,4.8,4.37,11,9,33,2.15,2.07,1.77,1.7,16,-1.5,2.27,2.15,1.75,1.68
G1,18/02/18,Levadeiakos,Panetolikos,,,,,,,2.6,2.79,3.1,2.7,2.95,2.95,2.6,2.85,2.9,2.6,2.87,2.87,2.75,2.98,3.02,2.5,2.8,3,2.55,2.9,2.9,37,2.75,2.59,3.06,2.87,3.1,2.89,33,2.76,2.64,1.5,1.44,15,0,1.86,1.81,2.08,2
G1,18/02/18,Olympiakos,Panionios,,,,,,,1.22,5.5,15,1.22,6,16.5,1.2,5.5,15.75,1.2,5.5,19,1.21,6.4,20.5,1.25,4.8,12,1.2,5.5,15,37,1.25,1.21,6.44,5.54,20.5,14.43,35,2.03,1.94,1.91,1.82,17,-1.75,2.05,1.96,1.93,1.85
G1,18/02/18,Platanias,Giannina,,,,,,,2.45,2.89,3.25,2.6,3,3,2.5,2.9,2.95,2.55,2.87,2.87,2.65,3.06,3.07,2.38,2.8,3.2,2.5,2.9,2.9,37,2.65,2.5,3.13,2.93,3.25,2.97,33,2.65,2.57,1.52,1.46,17,-0.25,2.22,2.14,1.74,1.71
G1,19/02/18,Larisa,Panathinaikos,,,,,,,3.1,2.75,2.62,2.95,3,2.65,2.95,2.8,2.6,,,,3.09,2.98,2.7,3.1,2.8,2.45,3,2.8,2.6,31,3.1,2.96,3.02,2.84,2.8,2.59,26,3,2.78,1.45,1.41,15,0,2.11,2.02,1.88,1.8
I1,17/02/18,Chievo,Cagliari,,,,,,,2.45,3.2,3.1,2.45,3.1,3.1,2.4,3.1,3.15,2.4,3.1,3,2.49,3.31,3.11,2.5,3,3.1,2.5,3.1,3.2,39,2.54,2.46,3.31,3.14,3.21,3.09,37,2.37,2.24,1.7,1.64,20,-0.25,2.14,2.09,1.82,1.78
I1,17/02/18,Genoa,Inter,,,,,,,3.5,3.1,2.25,3.5,3.2,2.2,3.15,3.3,2.3,3.4,3.1,2.25,3.52,3.13,2.37,3.4,3.1,2.3,3.6,3,2.3,39,3.6,3.44,3.3,3.11,2.39,2.29,37,2.59,2.39,1.63,1.57,19,0.25,1.95,1.89,2.01,1.96
I1,17/02/18,Udinese,Roma,,,,,,,4.33,3.6,1.85,4.4,3.6,1.83,4.3,3.5,1.85,4,3.6,1.85,4.49,3.68,1.88,4.33,3.3,1.91,4.6,3.6,1.87,39,4.6,4.23,3.8,3.61,1.94,1.86,38,1.87,1.8,2.08,2.01,19,0.5,2.05,2.01,1.9,1.85
I1,18/02/18,Atalanta,Fiorentina,,,,,,,2.29,3.29,3.1,2.35,3.3,3.1,2.4,3.2,3.05,2.35,3.2,3,2.4,3.32,3.25,2.38,3.25,3.1,2.4,3.2,3.2,39,2.51,2.39,3.4,3.25,3.25,3.08,37,2.11,2.02,1.85,1.78,19,-0.25,2.07,2.03,1.87,1.83
I1,18/02/18,Benevento,Crotone,,,,,,,2.54,3.2,2.89,2.65,3.1,2.85,2.8,3.2,2.6,2.55,3.1,2.87,2.66,3.19,2.99,2.6,3.1,2.88,2.63,3.1,3,38,2.8,2.61,3.25,3.13,3.01,2.87,35,2.23,2.15,1.78,1.69,18,-0.25,2.26,2.2,1.73,1.7
I1,18/02/18,Bologna,Sassuolo,,,,,,,2.54,3.2,2.87,2.6,3.1,2.95,2.5,3.1,3,2.55,3.1,2.87,2.68,3.2,2.94,2.6,3,3,2.63,3.1,3,39,2.71,2.58,3.26,3.14,3.15,2.92,36,2.26,2.15,1.74,1.69,18,-0.25,2.29,2.19,1.76,1.7
I1,18/02/18,Milan,Sampdoria,,,,,,,1.72,4,4.5,1.7,3.8,5,1.7,3.7,5,1.73,3.8,4.5,1.72,4.01,5.16,1.73,4,4.5,1.73,3.8,5,39,1.79,1.72,4.09,3.86,5.16,4.73,36,1.76,1.68,2.27,2.17,19,-1,2.37,2.26,1.72,1.66
I1,18/02/18,Napoli,Spal,,,,,,,1.14,8,23,1.15,8,18.5,1.15,7.5,18,1.15,7.5,21,1.15,8.8,22.75,1.17,6.5,23,1.15,8,22,39,1.18,1.15,9.13,8.01,23,19.19,33,1.46,1.4,3.15,2.88,20,-2,1.79,1.74,2.28,2.14
I1,18/02/18,Torino,Juventus,,,,,,,4.75,3.75,1.75,4.75,3.7,1.75,5,3.7,1.7,4.8,3.5,1.75,4.99,3.7,1.81,5,3.2,1.83,5.25,3.6,1.75,39,5.3,4.89,3.75,3.6,1.84,1.77,37,2.13,2.07,1.82,1.75,19,0.75,1.94,1.88,2.04,1.98
I1,19/02/18,Lazio,Verona,,,,,,,1.16,7.5,17,1.19,7.25,14.5,1.2,6.5,15,1.18,7,15,1.22,7.6,14.2,1.22,6,15,1.18,7.5,17,38,1.23,1.19,7.99,7.08,17,13.81,33,1.37,1.34,3.39,3.2,20,-2,1.91,1.87,2.04,1.98
I2,16/02/18,Cremonese,Bari,,,,,,,2.1,3.1,3.79,2.1,3.1,3.8,2.15,3.1,3.45,2.2,3,3.3,2.24,3.22,3.66,2.15,3.1,3.5,2.2,3.1,3.6,39,2.29,2.17,3.28,3.1,3.8,3.46,35,2.33,2.19,1.7,1.64,19,-0.25,1.93,1.87,2.01,1.95
I2,17/02/18,Cesena,Cittadella,,,,,,,2.6,3.1,2.79,2.55,3.2,2.85,2.5,3.3,2.65,2.5,3.25,2.62,2.6,3.4,2.85,2.6,3.2,2.7,2.63,3.25,2.75,39,2.63,2.52,3.4,3.22,2.85,2.71,37,1.91,1.83,2.03,1.94,16,-0.25,2.31,2.2,1.73,1.66
I2,17/02/18,Empoli,Parma,,,,,,,1.8,3.29,4.75,1.85,3.3,4.6,1.85,3.3,4.35,1.85,3.25,4.2,1.89,3.41,4.78,1.83,3.3,4.5,1.85,3.3,4.8,39,1.94,1.83,3.44,3.3,4.9,4.4,35,2.2,2.13,1.75,1.67,17,-0.5,1.92,1.84,2.05,1.97
I2,17/02/18,Foggia,Carpi,,,,,,,1.9,3.29,4.2,1.95,3.4,3.9,1.9,3.3,3.95,1.91,3.25,3.9,1.97,3.39,4.36,1.95,3.3,4,1.93,3.3,4.33,39,2.01,1.93,3.42,3.28,4.36,3.93,36,2.14,2.01,1.83,1.76,17,-0.5,1.98,1.92,1.96,1.9
I2,17/02/18,Novara,Spezia,,,,,,,2.39,2.75,3.5,2.4,2.85,3.4,2.3,2.85,3.4,2.3,2.87,3.3,2.35,3.01,3.67,2.4,2.88,3.3,2.4,2.8,3.6,39,2.41,2.33,3.01,2.86,3.67,3.38,34,2.88,2.73,1.47,1.42,17,-0.25,2.04,1.97,1.91,1.85
I2,17/02/18,Perugia,Palermo,,,,,,,2.39,3.2,3,2.5,3.1,2.95,2.45,3.05,2.9,2.4,3,2.9,2.58,3.18,3.05,2.5,3,3,2.45,3.1,3.13,39,2.58,2.44,3.21,3.05,3.13,2.93,34,2.28,2.17,1.72,1.64,16,-0.25,2.21,2.09,1.81,1.74
I2,17/02/18,Salernitana,Pro Vercelli,,,,,,,1.85,3.29,4.5,1.83,3.4,4.5,1.85,3.3,4.2,1.87,3.25,4,1.91,3.46,4.6,1.83,3.4,4.33,1.91,3.3,4.5,37,1.97,1.86,3.47,3.32,4.6,4.19,34,2.13,2.08,1.79,1.71,17,-0.5,1.97,1.89,1.99,1.93
I2,17/02/18,Venezia,Avellino,,,,,,,1.8,3.29,4.75,1.85,3.25,4.75,1.8,3.35,4.5,1.8,3.25,4.4,1.86,3.45,4.93,1.83,3.3,4.5,1.8,3.3,5.2,39,1.88,1.81,3.46,3.31,5.2,4.54,34,2.25,2.18,1.72,1.64,17,-0.5,1.86,1.8,2.11,2.02
I2,17/02/18,Virtus Entella,Pescara,,,,,,,2.45,3.39,2.75,2.5,3.3,2.8,2.45,3.35,2.65,2.4,3.4,2.65,2.62,3.45,2.8,2.4,3.4,2.8,2.55,3.4,2.75,39,2.62,2.45,3.47,3.32,2.95,2.73,34,1.76,1.67,2.2,2.12,16,-0.25,2.26,2.14,1.78,1.7
I2,18/02/18,Brescia,Ternana,,,,,,,1.85,3.29,4.5,1.91,3.4,4.1,1.85,3.45,4,1.87,3.4,3.8,1.93,3.43,4.53,1.95,3.4,3.8,1.9,3.4,4.33,38,1.98,1.88,3.51,3.36,4.53,4.02,37,1.99,1.89,1.98,1.87,17,-0.5,1.94,1.88,2,1.93
I2,18/02/18,Frosinone,Ascoli,,,,,,,1.36,4.5,9.5,1.42,4.33,8.25,1.4,4.6,7.25,1.36,4.5,8,1.4,4.88,9.22,1.4,4.5,7.5,1.36,4.75,9.5,38,1.42,1.37,5,4.56,9.5,8.03,35,1.74,1.66,2.21,2.13,17,-1.25,1.93,1.86,2,1.95
N1,16/02/18,VVV Venlo,Groningen,,,,,,,2,3.5,3.6,2.05,3.6,3.5,2,3.3,3.6,2.05,3.25,3.4,2.13,3.58,3.56,2,3.4,3.5,2.1,3.5,3.5,39,2.17,2.08,3.6,3.42,3.63,3.45,38,1.97,1.89,1.98,1.9,20,-0.25,1.86,1.82,2.09,2.04
N1,17/02/18,Den Haag,Willem II,,,,,,,1.9,3.39,4,2.1,3.4,3.6,2.1,3.4,3.2,2.05,3.3,3.4,2.05,3.61,3.77,2.05,3.5,3.3,2.05,3.5,3.6,39,2.18,2.05,3.61,3.4,4,3.49,37,1.91,1.84,2.01,1.94,19,-0.25,1.85,1.77,2.16,2.09
N1,17/02/18,NAC Breda,AZ Alkmaar,,,,,,,5.5,3.79,1.6,5.5,4,1.62,4.8,3.8,1.65,4.8,3.9,1.6,5.6,4.23,1.63,4.4,3.8,1.7,5.2,4,1.65,39,5.6,4.96,4.26,3.93,1.7,1.63,34,1.64,1.59,2.43,2.3,18,0.75,2.12,2.05,1.84,1.8
N1,17/02/18,PSV Eindhoven,Heerenveen,,,,,,,1.3,5.5,9,1.3,5.75,9.25,1.3,5,9,1.3,5,8.5,1.34,5.66,9.43,1.3,5.5,8,1.33,5.5,9,39,1.35,1.31,5.94,5.36,10,8.55,34,1.6,1.47,2.7,2.58,19,-1.5,1.98,1.91,1.98,1.93
N1,17/02/18,Vitesse,Excelsior,,,,,,,1.39,4.5,8,1.36,5,8.75,1.4,4.5,7,1.36,4.5,8.5,1.35,5.2,10.33,1.36,4.5,8,1.36,4.8,9,39,1.4,1.36,5.2,4.67,10.33,8.55,36,1.81,1.75,2.12,2.04,18,-1.25,1.89,1.84,2.08,2.01
N1,18/02/18,Feyenoord,Heracles,,,,,,,1.14,7.5,17,1.16,7.75,17.5,1.15,7,15,1.13,7.5,21,1.18,8.3,16.6,1.12,7.5,17,1.13,8.5,20,38,1.18,1.15,8.92,7.77,21,15.66,33,1.4,1.36,3.3,3.03,18,-2.25,1.99,1.93,1.97,1.91
N1,18/02/18,Roda,Utrecht,,,,,,,5.25,3.6,1.66,5.25,3.7,1.7,4.4,3.8,1.7,4.4,3.7,1.7,5.21,3.79,1.74,4.5,3.6,1.73,4.8,3.75,1.73,37,5.25,4.71,3.93,3.7,1.78,1.71,35,1.78,1.74,2.15,2.06,18,0.75,1.97,1.91,1.98,1.93
N1,18/02/18,Twente,Sparta Rotterdam,,,,,,,2.14,3.39,3.25,2.2,3.5,3.25,1.9,3.6,3.6,2.15,3.4,3.1,2.21,3.67,3.29,2,3.6,3.3,2.2,3.6,3.2,38,2.24,2.13,3.67,3.49,3.6,3.22,34,1.72,1.66,2.25,2.16,17,-0.25,1.94,1.89,2.01,1.95
N1,18/02/18,Zwolle,Ajax,,,,,,,7,5.25,1.36,7.5,5.5,1.36,7,4,1.45,8,4.75,1.36,7.47,5.24,1.43,7,5,1.36,8,5.25,1.36,37,8,7.14,5.5,4.91,1.45,1.38,32,1.53,1.49,2.65,2.52,19,1.5,1.87,1.81,2.1,2.03
P1,16/02/18,Feirense,Portimonense,,,,,,,3.1,3.1,2.39,3.25,2.95,2.35,2.95,3.1,2.4,3,3.1,2.3,3.35,3.22,2.41,3,3.1,2.3,3.2,3.13,2.4,38,3.35,3.12,3.24,3.11,2.5,2.36,36,2.25,2.16,1.73,1.67,18,0.25,1.88,1.84,2.06,2.01
P1,17/02/18,Aves,Maritimo,,,,,,,1.75,3.39,5,1.75,3.4,5,1.8,3.3,4.5,1.75,3.25,4.75,1.79,3.59,5.3,1.73,3.3,4.8,1.75,3.5,5,38,1.83,1.76,3.59,3.4,5.3,4.82,34,2.29,2.21,1.71,1.63,17,-0.75,2.08,2.03,1.86,1.82
P1,17/02/18,Benfica,Boavista,,,,,,,1.18,6.5,15,1.16,6.75,17,1.2,6,13,1.18,6.5,19,1.19,7.7,18.5,1.18,6,13,1.18,7,18,38,1.2,1.18,7.7,6.59,21.9,15.41,33,1.62,1.57,2.41,2.33,19,-2,2.07,2,1.9,1.84
P1,17/02/18,Estoril,Belenenses,,,,,,,1.9,3.25,4.33,1.9,3.3,4.2,2,3.2,3.75,1.95,3.1,3.9,1.96,3.47,4.41,1.95,3.2,3.8,1.95,3.4,4.1,38,2.02,1.95,3.47,3.28,4.41,3.97,33,2.3,2.15,1.75,1.67,17,-0.5,2.01,1.95,1.96,1.9
P1,18/02/18,Guimaraes,Sp Braga,,,,,,,2.45,3.2,2.89,2.5,3.3,2.7,2.5,3.1,2.8,2.5,3.2,2.7,2.68,3.34,2.84,2.38,3.2,2.8,2.55,3.3,2.8,37,2.77,2.52,3.35,3.2,2.89,2.75,36,2.08,1.98,1.87,1.8,16,0,1.9,1.84,2.06,2
P1,18/02/18,Moreirense,Chaves,,,,,,,2.54,3.2,2.79,2.55,3.2,2.75,2.5,3.1,2.8,2.6,3,2.65,2.85,3.19,2.78,2.5,3,2.8,2.7,3.25,2.7,36,2.85,2.62,3.27,3.11,2.8,2.72,33,2.26,2.2,1.7,1.64,15,0,1.98,1.91,1.99,1.93
P1,18/02/18,Porto,Rio Ave,,,,,,,1.16,7,15,1.15,7.25,16,1.2,6,13,1.17,6.5,19,1.2,7.5,17,1.18,6,13,1.17,7,20,37,1.21,1.17,7.61,6.74,21,15.15,32,1.53,1.47,2.75,2.56,19,-2,1.94,1.89,2.01,1.95
P1,18/02/18,Setubal,Pacos Ferreira,,,,,,,2.25,3.2,3.29,2.2,3.2,3.3,2.1,3.1,3.6,2.2,3,3.3,2.34,3.24,3.47,2.25,3,3.2,2.25,3.2,3.4,37,2.34,2.23,3.26,3.12,3.6,3.3,33,2.35,2.28,1.65,1.59,17,-0.25,1.99,1.94,1.96,1.91
P1,19/02/18,Tondela,Sp Lisbon,,,,,,,6.5,4.5,1.44,7,4.2,1.45,7,4,1.45,7.5,4,1.44,8.2,4.48,1.47,6.5,4,1.44,8,4.4,1.44,37,8.2,7.19,4.5,4.17,1.48,1.44,36,2.02,1.94,1.92,1.84,17,1.25,1.81,1.77,2.14,2.08
SC0,17/02/18,Hibernian,Aberdeen,,,,,,,2.5,3.39,2.7,2.5,3.25,2.75,2.6,3.2,2.6,2.65,3.1,2.75,2.75,3.3,2.79,2.62,3.2,2.75,2.63,3.25,2.75,39,2.75,2.59,3.39,3.16,2.88,2.72,35,2.33,2.22,1.73,1.63,16,-0.25,2.36,2.24,1.69,1.66
SC0,17/02/18,Motherwell,Kilmarnock,,,,,,,2.37,3.29,2.89,2.35,3.2,3,2.5,3.2,2.75,2.4,3.1,3,2.48,3.22,3.22,2.4,3.2,3,2.4,3.3,3,39,2.5,2.38,3.3,3.17,3.22,2.98,35,2.32,2.16,1.72,1.66,17,-0.25,2.12,2.06,1.83,1.78
SC0,17/02/18,Partick,Dundee,,,,,,,2.35,3.25,3,2.3,3.2,3.1,2.2,3.2,3.2,2.37,3.1,3.1,2.49,3.41,3.03,2.38,3.2,3.1,2.4,3.3,3,39,2.49,2.34,3.41,3.22,3.2,3.02,36,2.27,2.16,1.7,1.66,17,-0.25,2.12,2.04,1.85,1.8
SC0,17/02/18,Ross County,Hearts,,,,,,,3.1,3.25,2.29,3.1,3.3,2.25,3.3,3.3,2.1,3,3.2,2.37,3.06,3.4,2.47,3,3.3,2.38,3,3.3,2.4,39,3.3,3.01,3.4,3.28,2.47,2.33,36,2.16,2.05,1.81,1.73,17,0.25,1.83,1.8,2.12,2.05
SC0,18/02/18,Celtic,St Johnstone,,,,,,,1.16,7.5,13,1.16,7.5,14,1.2,5.8,13,1.18,7,21,1.21,7.3,16,1.2,6.5,13,1.15,7,15,37,1.21,1.18,7.5,6.77,21,14.47,33,1.63,1.55,2.5,2.36,18,-2,2,1.92,1.97,1.9
SC0,18/02/18,Hamilton,Rangers,,,,,,,7.5,4.5,1.39,7.25,4.6,1.4,6.1,4,1.5,8,4.4,1.4,8.48,4.93,1.42,7,4.5,1.44,7,4.6,1.4,37,8.48,7.26,4.93,4.48,1.5,1.41,35,1.83,1.75,2.14,2.04,17,1.25,1.96,1.88,2.01,1.95
SC1,17/02/18,Brechin,Falkirk,,,,,,,6.5,4.5,1.44,5.75,4.5,1.4,6,4.25,1.4,6.5,4.33,1.44,7.51,4.88,1.45,7,4.5,1.44,7,4.6,1.44,37,7.51,6.32,4.88,4.46,1.45,1.43,32,1.66,1.62,2.28,2.2,17,1.25,1.9,1.85,2.01,1.96
SC1,17/02/18,Livingston,St Mirren,,,,,,,2.79,3.5,2.37,2.75,3.2,2.3,2.75,3.2,2.3,2.75,3.2,2.45,2.91,3.47,2.51,2.88,3.4,2.4,2.88,3.4,2.45,37,2.91,2.79,3.6,3.32,2.56,2.37,35,2.02,1.94,1.91,1.81,16,0.25,1.85,1.74,2.2,2.09
SC1,17/02/18,Queen of Sth,Morton,,,,,,,2.29,3.5,2.89,2.25,3.4,2.7,2.25,3.2,2.8,2.3,3.25,2.87,2.44,3.53,2.97,2.3,3.4,3,2.38,3.4,3,37,2.44,2.3,3.6,3.34,3,2.86,32,1.95,1.86,2.01,1.88,17,-0.25,2.1,2.02,1.85,1.79
SC2,17/02/18,Airdrie Utd,Queens Park,,,,,,,1.9,3.79,3.6,1.87,3.6,3.4,1.9,3.45,3.4,1.91,3.4,3.5,1.98,3.74,3.79,1.95,3.75,3.6,1.95,3.7,3.7,36,2,1.93,3.79,3.55,3.79,3.49,31,1.77,1.72,2.1,2.03,15,-0.5,2,1.95,1.9,1.85
SC2,17/02/18,Albion Rvs,Raith Rvs,,,,,,,4.75,4.33,1.6,5,4.33,1.48,4.6,3.85,1.55,4.8,3.8,1.57,5.38,4.25,1.63,5.5,4.2,1.57,5.2,4.2,1.62,36,5.5,4.86,4.33,4.02,1.63,1.58,31,1.65,1.61,2.3,2.21,15,1,1.81,1.78,2.07,2.01
SC2,17/02/18,Arbroath,Alloa,,,,,,,1.9,3.79,3.6,1.95,3.6,3.1,1.9,3.5,3.3,1.95,3.4,3.4,2.04,3.77,3.55,1.95,3.75,3.6,1.95,3.8,3.6,36,2.04,1.95,3.8,3.6,3.6,3.36,31,1.7,1.62,2.3,2.18,15,-0.25,1.76,1.71,2.16,2.1
SC2,17/02/18,Ayr,East Fife,,,,,,,1.39,5.25,6.25,1.4,4.6,5.5,1.4,4.3,5.75,1.4,4.25,6.5,1.46,4.89,6.92,1.44,4.8,6,1.44,4.75,7,36,1.48,1.42,5.25,4.59,7,5.98,31,1.63,1.56,2.5,2.32,16,-1.25,2.02,1.95,1.95,1.85
SC2,17/02/18,Forfar,Stranraer,,,,,,,3.1,3.6,2.14,2.7,3.5,2.2,2.9,3.5,2.1,2.9,3.4,2.15,3.15,3.8,2.2,3,3.6,2.2,3.1,3.7,2.2,36,3.15,2.91,3.8,3.53,2.22,2.16,31,1.65,1.61,2.27,2.2,16,0.25,1.95,1.88,1.95,1.91
SC3,17/02/18,Clyde,Cowdenbeath,,,,,,,1.66,3.79,5,1.6,4,4.25,1.65,3.55,4.6,1.67,3.5,4.8,1.67,3.94,5.5,1.67,4,4.8,1.67,3.9,5.2,36,1.67,1.64,4.1,3.75,5.5,4.71,31,1.98,1.87,1.95,1.86,15,-0.75,1.91,1.86,1.99,1.94
SC3,17/02/18,Elgin,Montrose,,,,,,,2.54,3.5,2.6,2.55,3.5,2.3,2.5,3.2,2.5,2.45,3.2,2.62,2.65,3.5,2.66,2.6,3.4,2.62,2.63,3.5,2.6,36,2.65,2.53,3.5,3.34,2.66,2.54,31,1.93,1.83,1.95,1.9,12,0,1.95,1.9,1.95,1.91
SC3,17/02/18,Peterhead,Berwick,,,,,,,1.25,6,10,1.25,5.5,8,1.25,5.25,8.25,1.25,5.2,10,,,,1.29,6,9,1.29,5.75,10,35,1.3,1.25,6.25,5.55,10,8.51,31,1.51,1.47,2.7,2.51,14,-1.75,2.06,1.99,1.84,1.8
SC3,17/02/18,Stenhousemuir,Edinburgh City,,,,,,,1.5,4.33,6,1.5,4,5.25,1.55,3.8,5.25,1.53,3.75,5.5,1.59,4.2,5.99,1.53,4.2,6,1.5,4.33,6.5,36,1.59,1.52,4.35,4.04,6.5,5.53,31,1.87,1.77,2.05,1.97,14,-1.25,2.36,2.18,1.73,1.67
SC3,17/02/18,Stirling,Annan Athletic,,,,,,,2.1,3.5,3.29,1.91,3.4,3.4,2.1,3.35,3.05,2.1,3.25,3.1,2.17,3.62,3.36,2.1,3.5,3.3,2.05,3.5,3.25,36,2.17,2.09,3.7,3.42,3.47,3.14,31,1.83,1.77,2.04,1.97,14,-0.5,2.16,2.12,1.74,1.7
SP1,16/02/18,Girona,Leganes,,,,,,,1.85,3.25,5,1.87,3.4,4.6,2,3.4,3.8,1.83,3.2,4.8,1.86,3.39,5.19,1.91,3.1,4.75,1.87,3.3,5.25,39,2,1.87,3.47,3.31,5.25,4.82,36,2.66,2.52,1.57,1.52,19,-0.25,1.63,1.59,2.51,2.44
SP1,17/02/18,Eibar,Barcelona,,,,,,,6.5,4.75,1.44,6.75,4.5,1.48,7.2,4.4,1.45,6.5,4.33,1.5,6.9,4.72,1.5,6.5,4.2,1.5,6.5,4.75,1.5,39,7.2,6.59,4.75,4.48,1.53,1.49,36,1.67,1.62,2.38,2.28,19,1.25,1.82,1.79,2.14,2.08
SP1,17/02/18,Las Palmas,Sevilla,,,,,,,3.5,3.6,2.04,3.4,3.7,2.05,3.5,3.4,2.1,3.4,3.6,2,3.63,3.82,2.05,3.5,3.6,2,3.5,3.8,2.1,39,3.66,3.48,3.85,3.68,2.12,2.04,37,1.7,1.64,2.33,2.25,19,0.25,2.17,2.1,1.82,1.77
SP1,17/02/18,Malaga,Valencia,,,,,,,3.6,3.5,2.04,3.6,3.5,2.05,4.1,3.5,1.9,3.7,3.25,2.05,3.87,3.44,2.1,3.75,3.3,2.05,3.75,3.5,2.1,39,4.1,3.75,3.53,3.39,2.14,2.06,38,2.14,2.05,1.83,1.77,18,0.25,2.19,2.1,1.81,1.77
SP1,18/02/18,Alaves,La Coruna,,,,,,,1.9,3.39,4.33,1.91,3.5,4.1,1.85,3.5,4.3,1.87,3.4,4.25,1.88,3.56,4.72,1.85,3.5,4.33,1.93,3.5,4.4,39,1.96,1.88,3.64,3.5,4.72,4.32,38,2.15,2.05,1.83,1.77,18,-0.75,2.23,2.15,1.78,1.73
SP1,18/02/18,Ath Madrid,Ath Bilbao,,,,,,,1.44,4.2,8.5,1.45,4,8.75,1.45,4.5,7,1.44,4,9.5,1.43,4.35,10.22,1.44,4,8.5,1.4,4.2,9.5,39,1.48,1.43,4.5,4.13,10.3,9.28,36,2.5,2.39,1.62,1.56,19,-1.25,2.14,2.08,1.83,1.79
SP1,18/02/18,Betis,Real Madrid,,,,,,,9,6,1.3,8.25,5.5,1.34,8,5.3,1.35,8,5.5,1.33,8.4,6.28,1.34,8,5.5,1.33,8,5.75,1.33,39,9.2,7.98,6.28,5.81,1.37,1.33,33,1.28,1.23,4.5,4.05,19,1.75,1.88,1.84,2.1,2.03
SP1,18/02/18,Espanol,Villarreal,,,,,,,2.5,3.25,2.89,2.5,3.1,3.1,2.5,3.3,2.85,2.5,3.1,3,2.52,3.24,3.14,2.5,3.1,3,2.45,3.25,3,37,2.65,2.49,3.35,3.18,3.14,3,35,2.42,2.29,1.67,1.62,18,-0.25,2.17,2.11,1.8,1.76
SP1,18/02/18,Sociedad,Levante,,,,,,,1.57,4.2,5.75,1.6,4.1,5.5,1.6,4,5.5,1.57,4,5.25,1.65,4.21,5.49,1.6,4.2,5,1.6,4.3,5.75,39,1.65,1.61,4.33,4.13,6,5.46,36,1.66,1.6,2.4,2.31,20,-1,2.08,2,1.93,1.86
SP1,19/02/18,Getafe,Celta,,,,,,,2.5,3.29,2.87,2.4,3.3,3,2.3,3.3,3.15,2.4,3.2,2.9,2.49,3.42,3.02,2.5,3.2,2.88,2.45,3.4,2.9,3,2.58,2.45,3.46,3.31,3.15,2.93,3,2.11,2.04,1.83,1.77,1,-0.25,2.14,2.09,1.82,1.78
SP2,16/02/18,Valladolid,Huesca,,,,,,,1.95,3.29,4,2,3.3,3.9,1.95,3.25,3.85,1.95,3.2,3.75,2.01,3.39,4.22,2,3.2,3.6,2,3.4,4,39,2.05,1.98,3.41,3.26,4.22,3.79,36,2.11,2.04,1.82,1.75,16,-0.5,2.05,1.98,1.91,1.85
SP2,17/02/18,Alcorcon,Tenerife,,,,,,,2.35,3,3.29,2.4,3,3.25,2.35,2.9,3.3,2.3,2.87,3.25,2.43,2.98,3.55,2.3,3,3.1,2.38,3,3.4,39,2.43,2.34,3.07,2.92,3.55,3.26,34,2.8,2.65,1.5,1.44,17,-0.25,2.06,1.98,1.92,1.85
SP2,17/02/18,Gimnastic,Zaragoza,,,,,,,2.37,3,3.25,2.4,3,3.25,2.4,3,3.05,2.35,3,3,2.49,3.1,3.26,2.3,3,3.1,2.45,3.1,3.13,37,2.49,2.38,3.2,3,3.26,3.07,32,2.4,2.3,1.65,1.58,17,-0.25,2.12,2.05,1.83,1.78
SP2,17/02/18,Lorca,Sp Gijon,,,,,,,4.33,3.25,1.9,3.9,3.3,2,3.75,3.3,1.95,3.75,3.2,1.95,,,,3.6,3.2,2,4,3.4,2,37,4.33,3.73,3.6,3.3,2.06,1.96,33,2.15,2.09,1.77,1.69,15,0.5,1.92,1.86,2.03,1.96
SP2,17/02/18,Osasuna,Reus Deportiu,,,,,,,1.55,3.39,8,1.6,3.4,7.25,1.6,3.4,6.75,1.57,3.4,7,1.63,3.53,7.45,1.55,3.3,7,1.57,3.5,8,39,1.63,1.57,3.69,3.41,8,6.84,34,2.78,2.65,1.5,1.44,17,-1,2.24,2.12,1.78,1.73
SP2,17/02/18,Oviedo,Albacete,,,,,,,1.57,3.5,7,1.62,3.5,6.5,1.6,3.4,6.25,1.61,3.3,6,1.65,3.56,7.05,1.62,3.25,6,1.62,3.5,7,39,1.68,1.6,3.72,3.43,7.05,6.13,34,2.75,2.53,1.53,1.48,17,-0.75,1.86,1.81,2.08,2.02
SP2,18/02/18,Cordoba,Granada,,,,,,,3,3.1,2.45,2.95,3,2.55,2.8,3.2,2.45,2.8,3.1,2.45,2.97,3.31,2.56,2.8,3.1,2.45,2.88,3.3,2.5,38,3,2.83,3.37,3.13,2.56,2.45,35,2.11,2.01,1.87,1.76,15,0.25,1.79,1.72,2.2,2.12
SP2,18/02/18,Leonesa,Vallecano,,,,,,,3.6,3.29,2.04,3.4,3.2,2.2,3.2,3.3,2.15,3.1,3.3,2.15,3.45,3.42,2.23,3.1,3.3,2.15,3.3,3.4,2.2,38,3.6,3.23,3.52,3.29,2.24,2.13,36,1.94,1.85,2.01,1.91,17,0.25,2.01,1.94,1.94,1.88
SP2,18/02/18,Lugo,Barcelona B,,,,,,,2,3,4.33,2.05,3.1,4,1.95,3.2,3.85,2,3.1,3.7,2.03,3.32,4.22,2,3.2,3.6,2.05,3.3,3.9,38,2.08,1.98,3.41,3.18,4.33,3.84,34,2.23,2.16,1.72,1.65,16,-0.5,2.11,2,1.88,1.83
SP2,18/02/18,Numancia,Cadiz,,,,,,,2.1,3,4,2.05,3.1,4,2.15,2.9,3.75,2.15,2.87,3.6,2.24,3.07,3.86,2.1,2.88,3.8,2.15,3,4,38,2.25,2.13,3.14,2.96,4,3.67,33,2.9,2.77,1.47,1.4,17,-0.25,1.89,1.84,2.06,1.99
SP2,18/02/18,Sevilla B,Almeria,,,,,,,2.25,2.89,3.6,2.3,2.95,3.5,2.2,2.95,3.5,2.2,3,3.3,2.27,3.03,3.84,2.3,2.88,3.25,2.3,3,3.5,38,2.35,2.22,3.11,2.95,3.84,3.43,33,2.63,2.42,1.6,1.53,17,-0.25,1.98,1.92,1.99,1.9
T1,16/02/18,Konyaspor,Besiktas,,,,,,,5,4,1.61,5,3.6,1.65,4.5,3.5,1.75,4.75,3.9,1.61,5.42,4.04,1.67,4.5,4,1.62,5,4,1.65,38,5.42,4.85,4.23,3.92,1.75,1.64,33,1.66,1.61,2.37,2.25,18,0.75,2.08,2.01,1.87,1.81
T1,17/02/18,Antalyaspor,Kayserispor,,,,,,,2.87,3.1,2.54,2.8,3.1,2.5,2.65,3.3,2.5,2.75,3.1,2.5,2.88,3.27,2.65,2.7,3.2,2.45,2.8,3.25,2.55,38,2.94,2.75,3.41,3.17,2.66,2.54,35,2.17,2.05,1.82,1.74,16,0,2.05,1.99,1.87,1.83
T1,17/02/18,Fenerbahce,Alanyaspor,,,,,,,1.36,5,7.5,1.35,5,7,1.35,4.8,7.6,1.36,4.8,7.5,1.38,5.43,8.24,1.36,4.75,7,1.33,5.25,8,38,1.41,1.35,5.7,5.03,8.5,7.48,32,1.5,1.44,2.75,2.68,19,-1.5,2.07,1.99,1.88,1.83
T1,17/02/18,Sivasspor,Osmanlispor,,,,,,,2.04,3.25,3.75,1.95,3.25,3.8,2.1,3.3,3.3,2,3.3,3.5,2.04,3.48,3.94,2.05,3.25,3.4,2.05,3.4,3.6,38,2.15,2.02,3.65,3.35,3.94,3.58,36,2,1.91,1.97,1.87,17,-0.5,2.09,2.02,1.86,1.81
T1,18/02/18,Bursaspor,Yeni Malatyaspor,,,,,,,,,,2,3.2,3.75,2,3.3,3.6,2,3.1,3.7,2.05,3.27,4.22,2,3.2,3.6,2.05,3.3,3.8,37,2.14,2.01,3.45,3.22,4.22,3.76,34,2.25,2.15,1.74,1.67,17,-0.5,2.07,2.01,1.86,1.82
T1,18/02/18,Karabukspor,Akhisar Belediyespor,,,,,,,3.75,3.39,2,3.6,3.3,2,3.3,3.3,2.1,3.5,3.2,2.05,3.97,3.43,2.06,3.2,3.2,2.15,3.7,3.4,2,37,3.97,3.58,3.62,3.32,2.15,2.03,35,2.17,2.07,1.82,1.73,17,0.5,1.85,1.81,2.07,2.02
T1,18/02/18,Kasimpasa,Galatasaray,,,,,,,4.75,3.5,1.75,4.4,3.6,1.75,4.5,3.5,1.75,4.2,3.8,1.7,4.85,4.11,1.72,3.8,4,1.75,4.4,3.9,1.73,37,4.85,4.32,4.25,3.85,1.81,1.72,33,1.55,1.49,2.66,2.53,17,0.75,1.98,1.92,1.97,1.9
T1,18/02/18,Trabzonspor,Buyuksehyr,,,,,,,2.6,3.2,2.75,2.6,3.1,2.7,2.6,3.2,2.6,2.55,3.2,2.62,2.63,3.36,2.84,2.5,3.25,2.6,2.6,3.3,2.7,37,2.69,2.55,3.5,3.24,2.85,2.7,36,2,1.92,1.94,1.86,16,0,1.94,1.86,2.03,1.95
T1,19/02/18,Genclerbirligi,Goztep,,,,,,,2.1,3.25,3.5,2.1,3.25,3.4,2.1,3.2,3.4,2.15,3.1,3.25,2.26,3.24,3.6,2.15,3.2,3.2,2.2,3.3,3.3,37,2.31,2.17,3.44,3.21,3.6,3.31,34,2.16,2.06,1.84,1.73,17,-0.25,1.93,1.88,1.99,1.93
